CREATE DATABASE  IF NOT EXISTS `qixi` /*!40100 DEFAULT CHARACTER SET utf8 */;
USE `qixi`;
-- MySQL dump 10.13  Distrib 5.7.9, for osx10.9 (x86_64)
--
-- Host: 127.0.0.1    Database: qixi
-- ------------------------------------------------------
-- Server version	5.7.13

/*!40101 SET @OLD_CHARACTER_SET_CLIENT=@@CHARACTER_SET_CLIENT */;
/*!40101 SET @OLD_CHARACTER_SET_RESULTS=@@CHARACTER_SET_RESULTS */;
/*!40101 SET @OLD_COLLATION_CONNECTION=@@COLLATION_CONNECTION */;
/*!40101 SET NAMES utf8 */;
/*!40103 SET @OLD_TIME_ZONE=@@TIME_ZONE */;
/*!40103 SET TIME_ZONE='+00:00' */;
/*!40014 SET @OLD_UNIQUE_CHECKS=@@UNIQUE_CHECKS, UNIQUE_CHECKS=0 */;
/*!40014 SET @OLD_FOREIGN_KEY_CHECKS=@@FOREIGN_KEY_CHECKS, FOREIGN_KEY_CHECKS=0 */;
/*!40101 SET @OLD_SQL_MODE=@@SQL_MODE, SQL_MODE='NO_AUTO_VALUE_ON_ZERO' */;
/*!40111 SET @OLD_SQL_NOTES=@@SQL_NOTES, SQL_NOTES=0 */;

--
-- Table structure for table `Invitation`
--

DROP TABLE IF EXISTS `Invitation`;
/*!40101 SET @saved_cs_client     = @@character_set_client */;
/*!40101 SET character_set_client = utf8 */;
CREATE TABLE `Invitation` (
  `id` int(11) NOT NULL AUTO_INCREMENT,
  `inviter_user_id` int(11) NOT NULL,
  `invitee_user_id` int(11) NOT NULL,
  `invite_time` datetime NOT NULL,
  `is_accepted` varchar(1) NOT NULL,
  PRIMARY KEY (`id`)
) ENGINE=InnoDB AUTO_INCREMENT=3 DEFAULT CHARSET=utf8;
/*!40101 SET character_set_client = @saved_cs_client */;

--
-- Dumping data for table `Invitation`
--

LOCK TABLES `Invitation` WRITE;
/*!40000 ALTER TABLE `Invitation` DISABLE KEYS */;
INSERT INTO `Invitation` VALUES (1,1,2,'2016-09-10 00:00:00','N'),(2,2,1,'2016-09-10 00:00:00','N');
/*!40000 ALTER TABLE `Invitation` ENABLE KEYS */;
UNLOCK TABLES;

--
-- Table structure for table `education`
--

DROP TABLE IF EXISTS `education`;
/*!40101 SET @saved_cs_client     = @@character_set_client */;
/*!40101 SET character_set_client = utf8 */;
CREATE TABLE `education` (
  `id` int(11) NOT NULL AUTO_INCREMENT,
  `school` varchar(45) NOT NULL,
  `major` varchar(45) NOT NULL,
  `degree` varchar(45) NOT NULL,
  `user_id` int(11) NOT NULL,
  PRIMARY KEY (`id`)
) ENGINE=InnoDB AUTO_INCREMENT=3 DEFAULT CHARSET=utf8;
/*!40101 SET character_set_client = @saved_cs_client */;

--
-- Dumping data for table `education`
--

LOCK TABLES `education` WRITE;
/*!40000 ALTER TABLE `education` DISABLE KEYS */;
INSERT INTO `education` VALUES (1,'Zjut','IT','Master',1),(2,'Zjut','IT','Master',2);
/*!40000 ALTER TABLE `education` ENABLE KEYS */;
UNLOCK TABLES;

--
-- Table structure for table `interest`
--

DROP TABLE IF EXISTS `interest`;
/*!40101 SET @saved_cs_client     = @@character_set_client */;
/*!40101 SET character_set_client = utf8 */;
CREATE TABLE `interest` (
  `id` int(11) NOT NULL AUTO_INCREMENT,
  `name` varchar(45) NOT NULL,
  `level` int(1) NOT NULL,
  `user_id` int(11) NOT NULL,
  PRIMARY KEY (`id`)
) ENGINE=InnoDB AUTO_INCREMENT=3 DEFAULT CHARSET=utf8;
/*!40101 SET character_set_client = @saved_cs_client */;

--
-- Dumping data for table `interest`
--

LOCK TABLES `interest` WRITE;
/*!40000 ALTER TABLE `interest` DISABLE KEYS */;
INSERT INTO `interest` VALUES (1,'Swimming',9,1),(2,'Basketball',8,2);
/*!40000 ALTER TABLE `interest` ENABLE KEYS */;
UNLOCK TABLES;

--
-- Table structure for table `user`
--

DROP TABLE IF EXISTS `user`;
/*!40101 SET @saved_cs_client     = @@character_set_client */;
/*!40101 SET character_set_client = utf8 */;
CREATE TABLE `user` (
  `id` int(11) NOT NULL AUTO_INCREMENT,
  `username` varchar(45) NOT NULL,
  `name` varchar(45) NOT NULL,
  `age` varchar(45) NOT NULL,
  `height` varchar(45) NOT NULL,
  `gender` varchar(45) NOT NULL,
  `phone` varchar(45) NOT NULL,
  PRIMARY KEY (`id`),
  UNIQUE KEY `username_UNIQUE` (`username`)
) ENGINE=InnoDB AUTO_INCREMENT=13 DEFAULT CHARSET=utf8;
/*!40101 SET character_set_client = @saved_cs_client */;

--
-- Dumping data for table `user`
--

LOCK TABLES `user` WRITE;
/*!40000 ALTER TABLE `user` DISABLE KEYS */;
INSERT INTO `user` VALUES (1,'testuser','Test','10','193','M','12345678901'),(2,'testuser2','Test2','16','170','F','12331423412'),(3,'test3','test3','20','172','F','13242234442'),(7,'test4','test3','20','172','F','13242234442'),(8,'test5','test3','20','172','F','13242234442'),(10,'test6','test3','20','172','F','13242234442'),(12,'test7','test3','20','172','F','13242234442');
/*!40000 ALTER TABLE `user` ENABLE KEYS */;
UNLOCK TABLES;

--
-- Table structure for table `user_password`
--

DROP TABLE IF EXISTS `user_password`;
/*!40101 SET @saved_cs_client     = @@character_set_client */;
/*!40101 SET character_set_client = utf8 */;
CREATE TABLE `user_password` (
  `user_id` int(11) NOT NULL,
  `password` varchar(45) NOT NULL,
  PRIMARY KEY (`user_id`)
) ENGINE=InnoDB DEFAULT CHARSET=utf8;
/*!40101 SET character_set_client = @saved_cs_client */;

--
-- Dumping data for table `user_password`
--

LOCK TABLES `user_password` WRITE;
/*!40000 ALTER TABLE `user_password` DISABLE KEYS */;
INSERT INTO `user_password` VALUES (0,'123456'),(1,'123456'),(2,'123456'),(10,'123456'),(12,'123456');
/*!40000 ALTER TABLE `user_password` ENABLE KEYS */;
UNLOCK TABLES;

--
-- Dumping routines for database 'qixi'
--
/*!40103 SET TIME_ZONE=@OLD_TIME_ZONE */;

/*!40101 SET SQL_MODE=@OLD_SQL_MODE */;
/*!40014 SET FOREIGN_KEY_CHECKS=@OLD_FOREIGN_KEY_CHECKS */;
/*!40014 SET UNIQUE_CHECKS=@OLD_UNIQUE_CHECKS */;
/*!40101 SET CHARACTER_SET_CLIENT=@OLD_CHARACTER_SET_CLIENT */;
/*!40101 SET CHARACTER_SET_RESULTS=@OLD_CHARACTER_SET_RESULTS */;
/*!40101 SET COLLATION_CONNECTION=@OLD_COLLATION_CONNECTION */;
/*!40111 SET SQL_NOTES=@OLD_SQL_NOTES */;

-- Dump completed on 2016-08-28 21:10:55
